label,date,confirmed,recovered,deaths,delta_confirmed,delta_recovered,delta_deaths
europe,20200125,3,0,0,3,0,0
europe,20200126,3,0,0,0,0,0
europe,20200127,4,0,0,1,0,0
europe,20200128,8,0,0,4,0,0
europe,20200129,10,0,0,2,0,0
europe,20200130,11,0,0,1,0,0
europe,20200131,20,0,0,9,0,0
europe,20200201,23,0,0,3,0,0
europe,20200202,25,0,0,2,0,0
europe,20200203,27,0,0,2,0,0
europe,20200204,28,0,0,2,0,0
europe,20200205,28,0,0,0,0,0
europe,20200206,29,0,0,1,0,0
europe,20200207,32,0,0,3,0,0
europe,20200208,37,2,0,5,2,0
europe,20200209,38,2,0,1,0,0
europe,20200210,43,2,0,5,0,0
europe,20200211,45,3,0,2,1,0
europe,20200212,46,5,0,2,2,0
europe,20200213,46,6,0,0,1,0
europe,20200214,46,13,0,0,7,0
europe,20200215,47,14,1,1,1,1
europe,20200216,47,14,1,0,0,0
europe,20200217,47,20,1,0,6,0
europe,20200218,47,23,1,0,3,0
europe,20200219,47,24,1,0,1,0
europe,20200220,47,24,1,0,0,0
europe,20200221,64,25,2,17,1,1
europe,20200222,106,28,3,42,4,1
europe,20200223,199,28,4,93,1,1
europe,20200224,277,35,8,78,7,4
europe,20200225,383,37,11,106,2,3
europe,20200226,541,37,14,158,1,3
europe,20200227,806,38,19,266,1,5
europe,20200228,1135,38,23,329,0,4
europe,20200229,1499,39,31,364,1,8
europe,20200301,2220,39,36,721,0,5
europe,20200302,2755,38,55,535,0,19
europe,20200303,3410,35,85,655,0,30
europe,20200304,4466,34,115,1056,0,30
europe,20200305,5821,33,161,1355,0,46
europe,20200306,7568,29,218,1747,0,57
europe,20200307,9716,28,264,2148,0,46
europe,20200308,12197,27,415,2481,0,151
europe,20200309,15087,30,525,2955,3,110
europe,20200310,18726,33,723,3639,7,198
europe,20200311,24022,44,966,5296,12,243
europe,20200312,25504,55,976,1482,11,10
europe,20200313,37391,87,1529,11887,34,553
europe,20200314,47819,103,1832,10428,25,303
europe,20200315,55928,147,2327,8109,45,495
europe,20200316,67331,199,2823,11403,55,501
europe,20200317,79137,234,3432,11806,36,609
europe,20200318,92972,520,4073,13835,286,641
europe,20200319,111193,946,4912,18221,433,839
europe,20200320,130196,1400,6083,19003,457,1171
europe,20200321,152012,2133,7516,21816,747,1433
europe,20200322,171205,3123,8850,19193,991,1334
europe,20200323,195587,6645,10307,24382,3622,1458
europe,20200324,221825,10522,12244,26248,3886,1937
europe,20200325,251647,13062,14478,29822,2575,2234
europe,20200326,288199,14156,16789,36552,2111,2314
europe,20200327,323619,21734,19271,35420,7588,2482
europe,20200328,360574,28079,22054,36955,6345,2783
europe,20200329,388420,34042,24523,27846,6187,2469
europe,20200330,423573,41893,27426,35153,7893,2903
europe,20200331,463157,49161,30923,39869,7791,3501
europe,20200401,502638,57383,34802,39481,9345,3879
europe,20200402,542983,69195,39320,40345,13138,4518
europe,20200403,581692,81227,43404,38709,13024,4084
europe,20200404,618383,95655,47506,38310,14429,4134
europe,20200405,652777,108062,50603,34394,12410,3115
europe,20200406,682792,123855,54047,30016,20456,3561
europe,20200407,716379,140720,59352,33719,19035,5305
europe,20200408,754340,165996,63289,38655,27276,3959
europe,20200409,792032,194842,68080,39351,28849,4794
europe,20200410,836469,218526,72770,44437,23684,4690
europe,20200411,874406,244235,76276,37937,25713,3570
europe,20200412,908450,263694,79552,34044,19911,3276
europe,20200413,937161,287683,82763,30501,23989,3310
europe,20200414,971326,317440,86802,34165,29768,4041
europe,20200415,1006427,345862,91611,35933,28422,4809
europe,20200416,1043872,375691,95898,37445,29829,4287
europe,20200417,1079847,406692,99836,36236,31004,3938
europe,20200418,1115992,434673,103653,36145,28716,3817
europe,20200419,1150805,461492,106342,34813,26819,2689
europe,20200420,1182934,486847,108997,32318,26649,2693
europe,20200421,1216203,514752,113012,33703,27905,4015
europe,20200422,1248702,547541,116485,33044,33526,3482
europe,20200423,1280032,581063,119596,32175,33522,3186
europe,20200424,1302279,618640,123127,32281,37877,3531
europe,20200425,1332986,652137,126020,31446,33497,3007
europe,20200426,1360163,681895,127827,27177,31652,1807
europe,20200427,1387552,709875,129942,27647,27980,2166
europe,20200428,1413231,741427,132808,26079,31552,2908
europe,20200429,1438367,774538,135789,26553,33654,2981
europe,20200430,1467037,809618,138144,28914,35420,2375
europe,20200501,1497041,843877,140158,30004,34462,2014
europe,20200502,1523791,876892,141928,26911,34031,1770
europe,20200503,1552702,909182,143515,28925,32290,1587
europe,20200504,1579143,939543,145238,26827,30510,1778
europe,20200505,1606453,971326,147441,27352,35151,2205
europe,20200506,1640447,1002764,149931,34136,31438,2490
europe,20200507,1672056,1033981,151738,31609,31219,1822
europe,20200508,1701416,1057436,153745,29538,30789,2047
europe,20200509,1727282,1087920,154836,25866,30484,1091
europe,20200510,1753575,1114873,155979,26340,26953,1159
europe,20200511,1781451,1141598,157202,27876,26725,1240
europe,20200512,1807626,1167402,159089,26423,25887,1913
europe,20200513,1831647,1192816,160517,24021,26104,1428
europe,20200514,1856838,1221571,162150,25675,29308,1662
europe,20200515,1883434,1250743,163785,26596,29295,1635
europe,20200516,1906900,1277717,164965,23547,27004,1180
europe,20200517,1929402,1307332,165989,22502,29846,1024
europe,20200518,1950197,1334573,166872,21119,27374,883
europe,20200519,1972170,1361543,167813,21973,27472,1158
europe,20200520,1990718,1394252,169003,19073,32844,1190
europe,20200521,2011877,1424491,169965,21520,30277,964
europe,20200522,2035833,1450534,171539,23957,27611,1574
europe,20200523,2057612,1476063,172378,22028,25688,839
europe,20200524,2077556,1501624,173248,19944,25563,870
europe,20200525,2095762,1530911,171944,18645,29287,616
europe,20200526,2118154,1556111,173015,22392,25218,1071
europe,20200527,2137391,1579081,174127,19631,22971,1113
europe,20200528,2162025,1604037,175047,24667,24956,920
europe,20200529,2183348,1630504,176003,21323,26467,956
europe,20200530,2204711,1653960,176725,21393,23456,722
europe,20200531,2224192,1677155,177146,19561,23195,421
europe,20200601,2242426,1698681,177630,18302,21526,486
europe,20200602,2260225,1720753,178442,18595,22072,814
europe,20200603,2281249,1741614,179263,21181,20861,823
europe,20200604,2302095,1764253,179868,20990,22639,605
europe,20200605,2323075,1788075,180657,21026,23822,789
europe,20200606,2343893,1810246,181241,20837,22172,586
europe,20200607,2363727,1831009,181603,19834,20765,362
europe,20200608,2382797,1850647,182061,19087,19638,458
europe,20200609,2402583,1873112,182782,19786,22465,721
europe,20200610,2421525,1892633,183487,19482,19521,706
europe,20200611,2442335,1916646,183945,20932,24014,460
europe,20200612,2464277,1938328,184499,21948,21683,554
europe,20200613,2485577,1959798,184959,21525,21470,460
europe,20200614,2506239,1979423,185253,20662,19625,294
europe,20200615,2525227,1998254,185605,19196,18890,352
europe,20200616,2545339,2015960,186262,20112,18355,658
europe,20200617,2566736,2036287,186916,21401,20334,654
europe,20200618,2587703,2056619,187441,21521,20333,525
europe,20200619,2607185,2076168,189067,19630,20116,1629
europe,20200620,2626565,2096942,189487,19617,20774,420
europe,20200621,2644545,2116371,189739,17980,19429,252
europe,20200622,2665823,2135022,190064,21278,18653,326
europe,20200623,2685869,2155069,190598,20052,20047,534
europe,20200624,2705787,2174188,191011,19973,19119,444
europe,20200625,2725957,2195467,191412,20172,21279,402
europe,20200626,2747464,2215844,191910,21507,21034,499
europe,20200627,2765722,2237115,192253,18267,21271,343
europe,20200628,2783394,2257184,192515,17672,20069,264
europe,20200629,2803650,2275654,192842,20256,18470,327
europe,20200630,2821904,2294711,193280,18254,19059,438
europe,20200701,2841239,2315688,193795,19335,20977,515
europe,20200702,2860057,2336458,194220,18818,20772,425
europe,20200703,2849300,2355821,194657,18450,19395,439
europe,20200704,2866093,2375379,194998,16794,20288,341
europe,20200705,2882338,2393879,195266,16245,18776,275
europe,20200706,2902752,2414043,195586,20414,20364,321
europe,20200707,2919837,2433610,196077,17145,19571,491
europe,20200708,2938779,2452784,196533,18942,19246,460
europe,20200709,2957639,2472905,196932,18860,20126,400
europe,20200710,2977371,2493744,197342,19762,20841,411
europe,20200711,2995232,2512271,197698,17861,18529,356
europe,20200712,3012046,2530190,197940,16814,17922,242
europe,20200713,3032602,2550188,198207,20556,19998,267
europe,20200714,3050250,2567869,198593,17648,18240,388
europe,20200715,3070128,2587475,199036,19883,19607,444
europe,20200716,3089939,2606315,199422,19814,18840,386
europe,20200717,3111375,2601221,199815,21436,18057,394
europe,20200718,3129212,2618289,200074,17837,17146,262
europe,20200719,3146276,2634614,200285,17064,16713,211
europe,20200720,3169650,2655139,200545,23374,20630,260
europe,20200721,3188613,2672271,200869,18963,17132,337
europe,20200722,3209675,2690972,201251,21152,18701,382
europe,20200723,3232560,2709836,201599,22885,18864,348
europe,20200724,3254914,2729717,201962,22354,19881,363
europe,20200725,3272963,2747335,202250,18050,17624,288
europe,20200726,3291204,2764086,202445,18241,16751,195
europe,20200727,3312470,2784172,202695,21266,20086,250
europe,20200728,3339595,2801647,203028,27125,17475,334
europe,20200729,3362336,2821158,203446,22741,19511,418
europe,20200730,3387068,2840148,203776,24732,18992,332
europe,20200731,3412589,2854705,204161,25521,19869,385
europe,20200801,3431683,2872619,204401,19094,17914,240
europe,20200802,3450572,2889296,204649,18889,16677,254
europe,20200803,3480958,2911777,204915,30386,22678,266
europe,20200804,3506419,2930108,205336,25461,18339,424
europe,20200805,3530472,2950193,205701,24053,20156,365
europe,20200806,3559804,2971960,206045,29332,21767,344
europe,20200807,3588949,2993428,206377,29145,21468,335
europe,20200808,3609113,3011469,206668,20183,18041,291
europe,20200809,3628017,3029134,206876,18904,17665,208
europe,20200810,3662625,3049916,207242,34608,20782,366
europe,20200811,3686806,3075160,207594,24374,25244,352
europe,20200812,3715909,3096821,207922,29103,21690,330
europe,20200813,3748536,3120004,208346,32627,23207,424
europe,20200814,3779212,3144251,208696,30676,24247,352
europe,20200815,3807482,3162556,209159,28270,18318,463
europe,20200816,3830506,3180993,209378,23066,18441,219
europe,20200817,3866620,3210059,209640,36114,29066,262
europe,20200818,3896044,3234585,210008,29455,24526,368
europe,20200819,3929491,3257340,210490,33559,22766,482
europe,20200820,3965559,3284866,210837,36068,27526,348
europe,20200821,4003616,3312523,211225,38223,27657,390
europe,20200822,4023928,3332518,211428,20312,20004,203
europe,20200823,4057621,3350886,211789,33693,18376,361
europe,20200824,4101106,3382169,212059,43485,31283,270
europe,20200825,4133506,3407235,212481,32571,25066,423
europe,20200826,4170667,3434796,212774,37184,27561,411
europe,20200827,4208648,3465222,213172,41155,30426,400
europe,20200828,4251054,3494628,213539,42409,29417,370
europe,20200829,4279712,3520688,213856,30048,26064,317
europe,20200830,4308346,3542629,214090,28634,21973,234
europe,20200831,4357785,3577346,214464,49439,34717,387
europe,20200901,4393341,3605784,214948,35577,28438,484
europe,20200902,4435331,3636931,215393,42004,31147,449
europe,20200903,4478484,3671309,215826,43153,34378,436
europe,20200904,4526674,3706620,216350,48190,35311,544
europe,20200905,4563132,3726531,216733,36610,19924,383
europe,20200906,4596593,3757025,216988,33480,30494,255
europe,20200907,4654156,3798408,217377,57563,41383,389
europe,20200908,4697567,3829014,217884,43411,30606,507
europe,20200909,4745427,3864051,218349,48132,35037,465
europe,20200910,4797304,3900410,218820,51877,38820,471
europe,20200911,4853147,3939599,219279,55843,39190,461
europe,20200912,4896989,3967684,219651,43842,29156,372
europe,20200913,4934527,3994914,219960,37538,27230,309
europe,20200914,4996929,4041512,220392,62498,46598,432
europe,20200915,5047919,4074833,221088,50990,33331,696
europe,20200916,5104684,4114433,221843,56956,39611,755
europe,20200917,5165696,4155834,222516,61046,41401,673
europe,20200918,5234519,4200992,223236,68975,45158,720
europe,20200919,5286815,4233783,223699,52296,32791,463
europe,20200920,5332216,4266822,224042,45401,33054,344
europe,20200921,5405861,4320844,224596,73877,54022,554
europe,20200922,5464975,4361903,225467,59114,41059,871
europe,20200923,5533699,4406429,226166,69078,44842,699
europe,20200924,5606093,4455314,226853,72420,49270,687
europe,20200925,5683261,4507501,227607,77168,52189,754
europe,20200926,5743903,4547654,228243,60642,40366,636
europe,20200927,5795866,4582873,228632,51963,35219,389
europe,20200928,5868399,4642483,229241,72533,59610,609
europe,20200929,5926760,4690522,229970,58361,48039,729
europe,20200930,6011475,4743068,231016,84762,52546,1047
europe,20201001,6088868,4799244,231852,77393,56177,836
europe,20201002,6171619,4862388,232733,82751,63146,886
europe,20201003,6252006,4910604,233382,80437,48216,649
europe,20201004,6311915,4954319,233860,59918,43719,478
europe,20201005,6420584,5024295,234548,108669,69976,688
europe,20201006,6515090,5079327,235645,94890,55032,1114
europe,20201007,6619743,5143333,236608,104759,64006,963
europe,20201008,6740490,5210529,237710,120788,67348,1102
europe,20201009,6864090,5282240,238811,123600,71711,1101
europe,20201010,6981577,5338774,239640,117969,56541,829
europe,20201011,7081058,5387351,240338,99481,48579,699
europe,20201012,7200315,5457283,241250,119257,69933,912
europe,20201013,7314426,5513596,242473,114582,56317,1223
europe,20201014,7463329,5591515,243866,149494,77920,1393
europe,20201015,7626422,5664460,245204,163434,72945,1338
europe,20201016,7790790,5743402,246730,164405,78944,1526
europe,20201017,7943998,5817313,247906,153208,73911,1176
europe,20201018,8089907,5873357,248852,145909,56046,946
europe,20201019,8259814,5973991,250147,169930,100634,1296
europe,20201020,8425111,6060716,252010,165729,86728,1863
europe,20201021,8628234,6156800,253703,203123,96085,1799
europe,20201022,8854492,6266194,255585,226258,109394,1882
europe,20201023,9097175,6378441,257636,242751,112247,2053
europe,20201024,9314779,6483708,259338,217604,105296,1702
europe,20201025,9526067,6572891,260716,211288,89186,1378
europe,20201026,9771903,6681625,262560,245836,108734,1844
europe,20201027,10008880,6782908,265429,237201,101283,2884
europe,20201028,10269369,6917324,267989,260489,134416,2562
europe,20201029,10560391,7061087,270653,291022,143764,2664
europe,20201030,10872770,7205680,273737,312379,144593,3084
europe,20201031,11120061,7342050,276272,247291,136668,2535
europe,20201101,11355770,7469237,278248,235709,127215,1994
europe,20201102,11649873,7626471,280933,294103,157244,2685
europe,20201103,11890232,7776107,284912,240359,149636,3981
europe,20201104,12210522,7954742,290212,320290,178635,5300
europe,20201105,12541647,8157078,293694,331125,202336,3482
europe,20201106,12876572,8369946,298529,334925,212873,4835
europe,20201107,13195496,8562516,301763,318924,193873,3235
europe,20201108,13427741,8748759,304283,232245,186284,2520
europe,20201109,13692383,8967992,307795,264642,219233,3519
europe,20201110,13937657,9175146,312827,245812,207154,5032
europe,20201111,14240523,9407687,318192,302866,232541,5365
europe,20201112,14548344,9666207,322685,307821,258520,4493
europe,20201113,14845501,9941327,327510,297157,275120,4825
europe,20201114,15102895,10164627,331411,257394,223336,3901
europe,20201115,15327090,10375298,334445,224195,212925,3034
europe,20201116,15561933,10644625,338316,234843,269327,3871
europe,20201117,15846083,10863645,344295,284731,219020,5979
europe,20201118,16116857,11151882,349735,270774,288237,5440
europe,20201119,16400347,11456724,354734,283490,304842,4999
europe,20201120,16682707,11762830,360646,282360,306106,5912
europe,20201121,16923194,12055523,364720,240487,292712,4074
europe,20201122,17121863,12277652,368109,198669,222178,3389
europe,20201123,17324483,12536021,372331,202723,258369,4222
europe,20201124,17565220,12774198,378916,242227,238177,6585
europe,20201125,17810345,13062028,384597,245126,287830,5681
europe,20201126,18064480,13358377,390075,254135,296349,5478
europe,20201127,18317102,13651102,396346,252622,292725,6271
europe,20201128,18526720,13899511,400689,209618,248474,4343
europe,20201129,18705832,14122147,404084,179112,222665,3395
europe,20201130,18882605,14368949,408310,176773,246802,4226
europe,20201201,19090092,14641713,414738,208461,272764,6428
europe,20201202,19314419,14915352,420373,224327,273639,5635
europe,20201203,19554353,15200262,426038,239934,284910,5665
europe,20201204,19800218,15485328,431973,245865,285066,5935
europe,20201205,20011012,15735424,436394,213393,250127,4421
europe,20201206,20192924,15934904,439790,181912,199500,3396
europe,20201207,20369815,16150920,443757,176891,216016,3967
europe,20201208,20575463,16390506,449640,205648,239586,5883
europe,20201209,20806371,16639420,454995,230908,248914,5355
europe,20201210,21048962,16897132,460740,242591,257712,5745
europe,20201211,21319908,17151902,466485,270946,254770,5745
europe,20201212,21554145,17365177,471372,234237,213345,4887
europe,20201213,21751308,17549270,474650,197163,184108,3278
europe,20201214,21950369,17739098,478794,199061,189828,4144
europe,20201215,22187568,17956957,485433,238035,217859,6639
europe,20201216,22459691,18186446,491496,272123,229489,6063
europe,20201217,22745861,18429708,497236,286170,243262,5740
europe,20201218,23019461,18674304,503169,273600,244596,5933
europe,20201219,23249382,18886224,507836,229921,211979,4667
europe,20201220,23452862,19066887,511058,203480,180685,3222
europe,20201221,23658821,19252603,515351,205959,185717,4293
europe,20201222,23908471,19461949,521864,250006,209348,6513
europe,20201223,24178189,19692894,527713,269718,230945,5849
europe,20201224,24452413,19929834,532612,274224,236940,4899
europe,20201225,24665902,20185994,536393,213489,256160,3781
europe,20201226,24821869,20414196,539347,156385,228234,2954
europe,20201227,24971650,20603308,542456,149781,189130,3109
europe,20201228,25158373,20797911,546848,186723,194603,4392
europe,20201229,25421444,21023556,553532,265430,225645,6684
europe,20201230,25718335,21277037,560181,297351,253481,6649
europe,20201231,26011816,21546061,565559,293481,269030,5378
europe,20210101,26250507,21803573,569646,238691,257512,4087
europe,20210102,26422654,22020473,572644,172147,216964,2998
europe,20210103,26599843,22217805,575739,177189,197352,3095
europe,20210104,26815959,22416039,580398,216116,198234,4659
europe,20210105,27109702,22651984,587288,296005,235945,6890
europe,20210106,27394832,22904288,593051,285205,252304,5763
europe,20210107,27710891,23163757,598845,316828,259469,5794
europe,20210108,28007216,23384851,605169,296325,221094,6324
europe,20210109,28242923,23553041,609717,235707,168223,4548
europe,20210110,28449188,23711942,613024,206265,158915,3307
europe,20210111,28672552,23902867,617384,223447,190925,4360
europe,20210112,28908838,24159062,624503,238913,256195,7119
europe,20210113,29180128,24440092,631091,271290,281030,6588
europe,20210114,29446805,24724777,637381,266677,284685,6290
europe,20210115,29711764,24966173,643694,264959,241396,6313
europe,20210116,29904977,25148215,648564,193213,182075,4870
europe,20210117,30067043,25329086,651757,162066,180880,3193
europe,20210118,30283797,25545537,656223,217223,216451,4466
europe,20210119,30492950,25828314,663662,212759,282777,7439
europe,20210120,30737843,26101310,670819,245367,272996,7157
europe,20210121,30980020,26395509,676946,242177,294199,6127
europe,20210122,31216594,26665491,683402,236574,269982,6456
europe,20210123,31392256,26877888,688283,175919,212410,4881
europe,20210124,31541238,27067488,691340,148982,189620,3057
europe,20210125,31745733,27283666,695991,204495,216215,4651
europe,20210126,31931616,27521407,703188,189052,237741,7197
europe,20210127,32154146,27787399,709946,223687,265992,6758
europe,20210128,32371591,28050089,715939,217445,262690,5993
europe,20210129,32580909,28300442,722231,209318,250357,6292
europe,20210130,32736770,28484006,726723,156865,183582,4492
europe,20210131,32868945,28644368,729667,132175,160369,2944
europe,20210201,33050840,28860309,734066,181895,215941,4399
europe,20210202,33218376,29084886,740906,169275,224577,6882
europe,20210203,33412492,29330241,747029,195577,245364,6123
europe,20210204,33603465,29579505,752465,190980,249264,5436
europe,20210205,33785070,29821141,758155,181605,241636,5690
europe,20210206,33925087,30004241,761889,140017,183123,3734
europe,20210207,34044986,30158975,764403,119899,154740,2514
europe,20210208,34181721,30367321,768362,136736,208346,3959
europe,20210209,34319952,30562139,774464,140824,194818,6102
europe,20210210,34484236,30787816,779815,165155,225677,5351
europe,20210211,34646601,31008215,784615,162365,220399,4800
europe,20210212,34802233,31222859,789386,155632,214644,4771
europe,20210213,34932183,31383115,792635,129950,160263,3249
europe,20210214,35035643,31517763,794662,103460,134659,2027
europe,20210215,35150404,31705102,798226,114761,187344,3564
europe,20210216,35279652,31880289,802994,130953,175188,4768
europe,20210217,35435688,32079528,807450,156623,199239,4456
europe,20210218,35598110,32273743,811432,162422,194215,3982
europe,20210219,35759338,32461003,815653,161272,187260,4221
europe,20210220,35898871,32604533,818361,140222,143532,2708
europe,20210221,36021163,32726997,820290,122292,122480,1929
europe,20210222,36134330,32876341,823156,113167,149344,2866
europe,20210223,36278232,33022879,827403,146096,146541,4247
europe,20210224,36458304,33194629,831206,181031,171750,3803
europe,20210225,36637058,33362670,834666,178754,168046,3460
europe,20210226,36812849,33524348,838353,175791,161678,3687
europe,20210227,36968312,33657553,841046,155665,133210,2693
europe,20210228,37099962,33764575,842912,131650,107022,1866
europe,20210301,37211442,33892158,845597,111480,127583,2685
europe,20210302,37371196,34027783,849529,162234,135625,3932
europe,20210303,37478871,34187115,853609,181438,159332,4080
europe,20210304,37664876,34350769,856944,186005,163654,3335
europe,20210305,37850415,34511570,860826,185539,160801,3882
europe,20210306,38019183,34648766,863380,168768,137213,2554
europe,20210307,38161685,34767346,865215,142502,118581,1835
europe,20210308,38275927,34884583,867910,114242,117237,2695
europe,20210309,38440374,35026845,871476,166880,142262,3566
europe,20210310,38645314,35199191,875266,206558,172346,3790
europe,20210311,38850003,35369266,878760,204689,170075,3494
europe,20210312,39050236,35537002,882178,200233,167736,3418
europe,20210313,39249316,35684166,884987,199558,147168,2809
europe,20210314,39412268,35807716,886969,162952,123553,1982
europe,20210315,39548410,35919151,889718,136142,111435,2749
europe,20210316,39740441,36071983,893641,195892,152832,3923
europe,20210317,39972934,36184013,897353,232493,168274,3712
europe,20210318,40211344,36360722,900786,238410,176709,3433
europe,20210319,40442838,36537864,904171,231494,177142,3385
europe,20210320,40665055,36697466,907147,222217,159639,2976
europe,20210321,41033400,36832747,909210,368345,135291,2063
europe,20210322,41201376,36947316,912583,170190,114574,3373
europe,20210323,41398418,37107491,916709,200272,160175,4126
europe,20210324,41695886,37303444,920584,297468,195953,3875
europe,20210325,41977112,37497026,924834,281226,193582,4250
europe,20210326,42244860,37687407,929508,269009,190381,4674
europe,20210327,42497037,37874629,932608,252177,187452,3100
europe,20210328,42703374,38027614,934806,206337,152987,2198
europe,20210329,42874595,38160209,937773,171221,132595,2967
europe,20210330,43105474,38345827,941926,233721,185618,4153
europe,20210331,43400670,38547244,946133,295196,211243,4207
europe,20210401,43692890,38768273,950205,292220,221055,4072
europe,20210402,43955464,38986920,953998,262574,218647,3793
europe,20210403,44178236,39195069,957428,222772,208307,3430
europe,20210404,44409488,39515205,959902,231476,320138,2474
europe,20210405,44556655,39674655,962528,147244,160541,2626
europe,20210406,44744302,39865863,966316,189625,191258,3788
europe,20210407,44959244,40138325,971143,214942,272462,4827
europe,20210408,45289240,40396736,975886,329996,258423,4743
europe,20210409,45556316,40642232,980538,271936,246504,4652
europe,20210410,45652461,40881146,981598,96145,238971,1060
europe,20210411,46002670,41074489,986728,350209,193347,5130
europe,20210412,46183561,41239121,990053,180891,164632,3325
europe,20210413,46425403,41461404,994422,243806,222283,4369
europe,20210414,46698375,41735729,999051,272972,274351,4629
europe,20210415,46962742,42010146,1003217,264367,274417,4166
europe,20210416,47221607,42260846,1007258,258865,250800,4041
europe,20210417,47443109,42479576,1010609,221502,218731,3351
europe,20210418,47625453,42735024,1013092,182344,255471,2484
europe,20210419,47787291,42889130,1016374,163405,154106,3282
europe,20210420,48017418,43081731,1020596,230127,192601,4222
europe,20210421,48269983,43309396,1024925,252565,227665,4329
europe,20210422,48514735,43623110,1029004,244752,313714,4079
europe,20210423,48736825,43883540,1032873,222098,263120,3869
europe,20210424,48916347,44005977,1036153,179522,122465,3280
europe,20210425,49063460,44322895,1038435,147113,316938,2282
europe,20210426,49198934,44505034,1041428,135474,182139,3005
europe,20210427,49385185,44741967,1045402,188473,236933,3974
europe,20210428,49585193,45013301,1049237,200008,271334,3835
europe,20210429,49777186,45276328,1052844,191993,263027,3616
europe,20210430,49947381,45530393,1056229,170195,254065,3385
europe,20210501,50090052,45748017,1059038,142671,217625,2809
europe,20210502,50187976,45938422,1060896,97924,190406,1858
europe,20210503,50294335,46103608,1063410,106359,165186,2514
europe,20210504,50434463,46322689,1066170,144677,219081,2760
europe,20210505,50582193,46561055,1069290,147730,238366,3120
europe,20210506,50733693,46814940,1072667,151500,253885,3377
europe,20210507,50872704,47041016,1075624,139011,226087,2960
europe,20210508,50988304,47201085,1078241,115600,160071,2618
europe,20210509,51075648,47386913,1079980,87344,185831,1739
europe,20210510,51158576,47532552,1082187,82928,145639,2216
europe,20210511,51270941,47729133,1084994,117005,196581,2807
europe,20210512,51392783,47937748,1087792,121842,208615,2798
europe,20210513,51497067,48135970,1090242,104284,198222,2450
europe,20210514,51599070,48318812,1092628,102003,182842,2386
europe,20210515,51681580,48474589,1094637,83367,155777,2009
europe,20210516,51752705,48586488,1096031,71125,111900,1394
europe,20210517,51816818,48704505,1097771,64113,118017,1740
europe,20210518,51903595,48861924,1100186,92431,157419,2419
europe,20210519,52004206,49024457,1102449,101111,162543,2263
europe,20210520,51732507,49190313,1104515,77147,165856,2066
europe,20210521,51814684,49342609,1106432,82193,152297,1917
europe,20210522,51883277,49469732,1108065,68593,127130,1633
europe,20210523,51937754,49565550,1109223,54477,95818,1158
europe,20210524,51987247,49661307,1110423,49494,95757,1200
europe,20210525,52046877,49789371,1112519,59765,128064,2096
europe,20210526,52115677,49920191,1114525,70624,130820,2006
europe,20210527,52189702,50038565,1116282,74430,118375,1757
europe,20210528,52259556,50151084,1117885,69854,112903,1603
europe,20210529,52316782,50245211,1119178,57226,94131,1296
europe,20210530,52364563,50320294,1120111,47867,75084,934
europe,20210531,52409230,50393292,1121291,44667,72998,1180
europe,20210601,52463643,50492073,1122780,55939,100282,1489
europe,20210602,52529971,50597243,1124263,66328,105170,1483
europe,20210603,52589615,50405920,1125569,59644,83482,1306
europe,20210604,52649622,50496054,1126981,60007,90134,1412
europe,20210605,52694005,50572901,1128109,44581,76848,1129
europe,20210606,52733110,50631649,1128912,39110,58748,803
europe,20210607,52775680,50688020,1129912,42570,56373,1000
europe,20210608,52823874,50759885,1131502,49093,71865,1591
europe,20210609,52877710,50838955,1132812,53838,79070,1310
europe,20210610,52939481,50915304,1134171,61771,76349,1359
europe,20210611,52988850,50988607,1135377,49369,73303,1206
europe,20210612,53031945,51050421,1136296,43129,61814,921
europe,20210613,53071155,51102306,1136913,39218,51885,619
europe,20210614,53114973,51150926,1137732,43989,48620,819
europe,20210615,53160353,51210913,1138926,45669,60329,1194
europe,20210616,53207219,51281625,1140062,46898,70712,1136
europe,20210617,53254713,51272147,1141107,47600,53821,1045
europe,20210618,53304979,51335861,1142185,50407,63715,1080
europe,20210619,53349733,51383726,1143035,44755,47865,853
europe,20210620,53389747,51424518,1143697,40014,40792,662
europe,20210621,53436187,51467814,1144543,46440,43297,846
europe,20210622,53486784,51517203,1145621,50970,49389,1078
europe,20210623,53542680,51572670,1146779,55896,55468,1158
europe,20210624,53601359,51635483,1147894,58942,62815,1116
europe,20210625,53657835,51688128,1149037,56476,52645,1143
europe,20210626,53712989,51732334,1150164,55170,44347,1128
europe,20210627,53760556,51771937,1151004,47571,39603,841
europe,20210628,53826043,51814385,1151941,65568,42449,937
europe,20210629,53891225,51860692,1153265,65451,46476,1325
europe,20210630,53965785,51909624,1154470,74618,49000,1205
europe,20210701,54049651,51958470,1155548,83866,48846,1078
europe,20210702,54131481,52009537,1156576,81832,51071,1028
europe,20210703,54199422,52052866,1157521,68058,43330,947
europe,20210704,54259722,52091924,1158262,60300,39058,743
europe,20210705,54353280,52136952,1159154,93625,45035,893
europe,20210706,54447590,52186120,1160312,94564,49170,1158
europe,20210707,54547935,52239314,1161394,100347,53196,1083
europe,20210708,54658314,52298086,1162568,110379,58775,1174
europe,20210709,54768202,52352027,1163517,109946,53943,949
europe,20210710,54854445,52404143,1164411,86243,52122,906
europe,20210711,54934852,52448877,1165234,80407,44911,823
europe,20210712,55048314,52509429,1166092,113539,60552,858
europe,20210713,55215597,52569228,1167387,167782,59802,1295
europe,20210714,55349850,52637534,1168439,134304,68310,1055
europe,20210715,55497823,52713003,1169514,147981,75529,1075
europe,20210716,55648332,52787522,1170511,150562,74520,997
europe,20210717,55784268,52850111,1171512,135936,62589,1004
europe,20210718,55894294,52905705,1172363,110026,55594,851
europe,20210719,56048708,52989708,1173304,154701,84003,941
europe,20210720,56209460,53074214,1174422,161289,84507,1119
europe,20210721,56368617,53164318,1175515,159687,90105,1093
europe,20210722,56530504,53262945,1176681,162150,98841,1175
europe,20210723,56684823,53361269,1177794,154319,98377,1118
europe,20210724,56712332,53441233,1177826,27528,79964,32
europe,20210725,56894231,53513184,1179741,181899,71954,1915
europe,20210726,57059508,53616772,1180798,165420,103588,1057
europe,20210727,57190456,53763065,1181956,131601,146301,1158
europe,20210728,57366324,53884078,1183269,175993,121013,1313
europe,20210729,57524036,54018928,1184412,157712,134859,1143
europe,20210730,57682267,54154470,1185588,158231,135542,1177
europe,20210731,57779985,54276280,1186601,97952,121810,1014
europe,20210801,57886910,54375131,1187606,106925,98930,1006
europe,20210802,58037601,54517089,1188846,151006,141958,1241
europe,20210803,58183257,54662715,1190227,146602,145626,1381
europe,20210804,58370179,54809363,1191696,186922,146648,1469
europe,20210805,58506382,54959332,1192877,136203,150077,1188
europe,20210806,58689098,55103600,1194277,182716,144268,1405
europe,20210807,58795835,55141660,1195338,107042,38066,1066
europe,20210808,58916074,55302523,1196390,120239,160863,1053
europe,20210809,59055509,55457205,1197640,139808,154684,1250
europe,20210810,59207430,55594532,1199067,153559,137327,1427
europe,20210811,59374147,55761106,1200447,166889,166574,1388
europe,20210812,59567337,55915724,1201957,193261,154623,1510
europe,20210813,59728428,56070009,1203395,161175,154285,1439
europe,20210814,59842665,56174774,1204532,114237,104828,1137
europe,20210815,59960313,56281510,1205729,117648,106738,1197
europe,20210816,60089034,56432432,1207113,129298,150932,1384
europe,20210817,60244726,56579865,1208790,158480,147433,1677
europe,20210818,60413124,56758741,1210458,168398,178876,1668
europe,20210819,60597446,56899202,1212271,185284,140461,1815
europe,20210820,60761261,57073562,1213854,163815,174360,1587
europe,20210821,60881848,57164107,1215142,121130,90548,1291
europe,20210822,61004797,57295121,1216497,122949,131014,1355
europe,20210823,61157107,57439671,1218349,152665,144550,1852
europe,20210824,61296689,57586479,1220030,143333,146808,1681
europe,20210825,61486523,57752390,1222090,189866,165911,2060
europe,20210826,61649771,57935356,1223964,163248,182966,1877
europe,20210827,61810842,58093472,1225709,161071,158116,1750
europe,20210828,61928996,58202630,1227073,118154,109173,1364
europe,20210829,62049480,58317154,1228509,120484,114622,1436
europe,20210830,62188669,58450299,1230434,139189,133145,1925
europe,20210831,62323562,58603275,1232124,138837,152976,1703
europe,20210901,62508571,58773300,1234324,185009,170025,2203
europe,20210902,62653520,58944663,1236065,144949,171363,1741
europe,20210903,62787430,59109522,1237670,134210,164859,1606
europe,20210904,62906310,59226463,1239084,120225,116941,1414
europe,20210905,63011342,59347172,1240351,105032,120709,1267
europe,20210906,63114499,59497855,1241895,103325,150683,1544
europe,20210907,63364245,59637943,1244960,252977,140088,3150
europe,20210908,63530019,59818677,1247035,165774,180734,2075
europe,20210909,63689763,59985019,1249057,159744,166342,2022
europe,20210910,63846787,60143074,1250979,157024,158055,1922
europe,20210911,63979560,60258651,1252652,132773,115791,1682
europe,20210912,64072804,60376036,1253819,93244,117386,1168
europe,20210913,64241433,60514005,1255987,168861,137969,2168
europe,20210914,64393258,60651648,1258363,155340,137643,2376
europe,20210915,64549717,60829508,1260522,157635,177860,2160
europe,20210916,64706510,60976967,1262574,156793,147459,2052
europe,20210917,64861515,61113232,1264528,155005,136265,1983
europe,20210918,64976617,61231281,1266150,115133,118090,1624
europe,20210919,65462094,61337414,1267618,485477,106134,1468
europe,20210920,65620897,61451624,1269654,158803,114210,2036
europe,20210921,65773125,61678429,1271982,155258,226805,2328
europe,20210922,65907065,61845182,1274019,133940,166753,2037
europe,20210923,66095799,62001627,1276320,188734,156445,2301
europe,20210924,66253989,62156100,1278476,158190,154473,2157
europe,20210925,66394596,62284646,1280260,141787,128548,1784
europe,20210926,66524482,62379845,1281826,129886,95200,1566
europe,20210927,66660731,62544412,1283741,136249,164567,1915
europe,20210928,66797219,62693172,1285883,140711,148760,2143
europe,20210929,66970017,62851001,1288279,173820,158452,2396
europe,20210930,67147005,62995738,1290450,178634,144737,2249
europe,20211001,67319629,63148486,1292637,172624,152748,2188
europe,20211002,67474527,63263141,1294636,154898,114997,1999
europe,20211003,67610980,63671328,1296354,136453,408187,1718
europe,20211004,67782442,63819201,1298620,171981,147873,2266
europe,20211005,67925941,63992294,1301162,147036,173093,2542
europe,20211006,68143913,64123145,1304041,218000,130851,2880
europe,20211007,68336764,64309455,1306543,192851,186311,2502
europe,20211008,68492045,64464121,1308883,155281,154666,2340
europe,20211009,68673732,64601512,1311146,182267,137391,2264
europe,20211010,68853727,64721357,1313231,179995,120171,2085
europe,20211011,69014016,64865540,1315456,160861,144183,2225
europe,20211012,69174281,65004524,1318163,163834,138984,2707
europe,20211013,69405019,65170752,1321332,240692,166228,3169
europe,20211014,69630646,65337055,1324160,226723,166303,2828
europe,20211015,69839474,65504018,1326734,208828,166963,2574
europe,20211016,70034364,65649026,1329189,194947,145011,2456
europe,20211017,70187883,65853485,1331168,153519,204459,1980
europe,20211018,70397041,66023259,1333743,209702,169774,2575
europe,20211019,70629025,66167346,1337243,235602,144087,3500
europe,20211020,70872682,66362637,1340348,243657,195291,3105
europe,20211021,71134418,66548610,1343519,261736,185973,3171
europe,20211022,71391573,66701863,1346711,257155,153253,3193
europe,20211023,71606029,66873268,1349483,214456,171405,2773
europe,20211024,71809499,67041632,1352031,203470,168364,2548
europe,20211025,72030888,67197583,1354995,222736,155952,2964
europe,20211026,72263199,67352448,1359635,234355,154873,4648
europe,20211027,72575941,67566317,1362748,312747,221487,4104
europe,20211028,72848510,67777146,1366284,272569,211581,3536
europe,20211029,73124542,67975510,1369895,276032,198364,3611
europe,20211030,73360563,68160507,1372994,236021,185000,3099
europe,20211031,73594127,68310108,1375855,233564,149601,2861
europe,20211101,73810919,68514485,1378729,216792,204377,2874
europe,20211102,74020778,68726868,1382759,211137,212383,4030
europe,20211103,74370322,68957566,1387053,349544,230698,4294
europe,20211104,74694394,69200375,1391244,324072,242809,4191
europe,20211105,75006832,69432235,1395182,312438,231860,3938
europe,20211106,75293477,69637598,1398921,286645,205365,3739
europe,20211107,75521811,69834051,1401669,228334,196454,2748
europe,20211108,75768055,70046280,1405004,246244,212229,3335
europe,20211109,76059903,70257657,1409564,291848,211426,4560
europe,20211110,76441291,70544846,1414244,381388,287189,4680
europe,20211111,76799799,70799380,1418446,358508,254534,4202
europe,20211112,77116062,71056218,1422437,316263,256838,3991
europe,20211113,77407075,71279623,1426083,291013,223408,3647
europe,20211114,77673064,71497294,1429102,265989,217671,3019
europe,20211115,77952038,71714645,1432628,278974,217351,3526
europe,20211116,78289934,71928915,1437335,337896,214270,4707
europe,20211117,78710829,72245724,1442310,420895,316809,4975
europe,20211118,79111868,72544804,1446839,401039,299080,4529
europe,20211119,79495983,72834303,1451230,384115,289499,4391
europe,20211120,79853982,73104135,1455065,357999,269834,3835
europe,20211121,80134329,73324850,1457790,280347,220719,2725
europe,20211122,80439174,73568544,1461225,304845,243694,3435
europe,20211123,80852140,73838927,1466103,412966,270576,4878
europe,20211124,81320969,74188862,1471034,468829,349935,4931
europe,20211125,81742041,74514299,1475323,421072,325437,4289
europe,20211126,82205571,74806306,1479849,463530,292007,4526
europe,20211127,82567842,75081339,1483559,362271,275227,3710
europe,20211128,82825526,75338046,1486148,257684,256707,2589
europe,20211129,83182564,75602297,1490140,357038,264251,3992
europe,20211130,83619608,75903948,1494988,437044,301857,4848
europe,20211201,84064959,76293000,1499608,445351,389095,4620
europe,20211202,84519212,76661114,1504059,454253,368114,4451
europe,20211203,84944324,77019922,1508348,425112,358808,4289
europe,20211204,85331251,77354391,1512195,386927,334471,3847
europe,20211205,85619740,77618500,1514751,288489,264109,2556
europe,20211206,85918368,77903855,1518478,298628,285355,3727
europe,20211207,86343561,78280393,1523313,425193,376538,4835
europe,20211208,86814330,78709581,1527994,470769,429188,4681
europe,20211209,87247560,79076032,1532474,433230,366451,4480
europe,20211210,87643112,79514855,1536797,395552,438823,4323
europe,20211211,88003207,79855430,1540447,360178,340578,3650
europe,20211212,88273814,80111753,1542972,270609,256323,2526
europe,20211213,88600407,80445784,1546696,326593,334031,3724
europe,20211214,89023849,80858512,1551293,423442,412728,4597
europe,20211215,89458607,81261833,1555693,434758,403321,4400
europe,20211216,89909314,81714136,1559934,450707,452303,4241
europe,20211217,90372490,82122684,1564170,463176,408548,4236
europe,20211218,90718238,82476362,1567413,345748,353679,3244
europe,20211219,91034732,82787489,1569994,316494,311129,2581
europe,20211220,91406316,83093565,1573374,373235,306079,3380
europe,20211221,91867569,83511778,1577605,462992,418213,4231
europe,20211222,92335683,83974356,1581421,470888,462578,3816
europe,20211223,92890476,84396286,1585500,554793,421930,4079
europe,20211224,93331586,84801706,1588669,441110,405420,3169
europe,20211225,93655872,85163235,1591329,324286,361597,2661
europe,20211226,93835576,85430961,1593467,183732,267727,2138
europe,20211227,94393349,85771120,1596630,559961,340159,3163
europe,20211228,95448963,86201353,1600676,1057930,430233,4046
europe,20211229,96366826,86633506,1604434,917863,432153,3759
europe,20211230,97435682,87080372,1608530,1068856,446866,4096
europe,20211231,98295170,87536874,1611713,859488,456502,3183
europe,20220101,99090712,87889403,1614976,795542,352791,3263
europe,20220102,99475812,88199984,1616655,390885,310590,1679
europe,20220103,100338389,88568231,1619268,863906,368247,2613
europe,20220104,101694718,89024389,1622909,1356329,456158,3641
europe,20220105,103090930,89489571,1627170,1396212,465248,4261
europe,20220106,104186997,90020875,1630532,1096067,531304,3362
europe,20220107,105493090,90458424,1633401,1306093,437549,2869
europe,20220108,106471868,90794922,1635900,978778,336515,2500
europe,20220109,107340916,90999228,1637689,869048,204317,1790
europe,20220110,108276003,91518075,1640248,935087,518847,2559
europe,20220111,109955172,92452214,1644624,1679169,934139,4376
europe,20220112,111130825,93268806,1648295,1175653,816592,3671
europe,20220113,112731526,94208588,1652146,1600701,939782,3851
europe,20220114,114005301,94993412,1655302,1273775,784824,3156
europe,20220115,114993040,95700844,1657947,987739,707454,2645
europe,20220116,115976893,96077070,1660134,983853,376228,2187
europe,20220117,117001946,96847972,1662811,1025053,770902,2677
europe,20220118,118646676,98015441,1667102,1644730,1167469,4291
europe,20220119,120263492,99211849,1670589,1616816,1196408,3487
europe,20220120,121997149,100185166,1674056,1733657,973317,3467
europe,20220121,123666744,101302453,1677329,1669595,1117288,3273
europe,20220122,124967021,102145139,1679917,1300277,842688,2588
europe,20220123,126090197,102875848,1681785,1123176,730715,1868
europe,20220124,127409416,103734463,1684679,1319219,858615,2894
europe,20220125,129392415,105273837,1688724,1982999,1539374,4045
europe,20220126,131255196,106377281,1692317,1862781,1103632,3593
europe,20220127,133251056,107839357,1695982,1995860,1462076,3665
europe,20220128,135087036,109011380,1699507,1835980,1172254,3525
europe,20220129,136499800,109949634,1702197,1412764,938255,2690
europe,20220130,137567134,110813052,1704075,1067334,863422,1878
europe,20220131,138886679,111795526,1707006,1319545,982656,2934
europe,20220201,141695428,113361095,1712111,2808749,1565569,5105
europe,20220202,143510988,114895302,1716252,1815560,1534223,4141
europe,20220203,145280948,116453387,1720087,1769960,1558085,3835
europe,20220204,146861376,118012326,1723697,1580428,1558939,3610
europe,20220205,148117992,119231229,1726669,1256616,1218906,2972
europe,20220206,149178265,120287612,1728761,1060273,1056388,2092
europe,20220207,150426697,121500001,1732233,1248432,1212389,3472
europe,20220208,152316398,123383100,1737072,1889701,1883099,4839
europe,20220209,153856386,125045812,1741343,1539988,1662712,4271
europe,20220210,155429186,126900683,1745419,1572800,1854871,4076
europe,20220211,156769520,128563934,1749409,1340334,1663251,3990
europe,20220212,157833243,129864267,1752496,1063723,1300334,3088
europe,20220213,158669005,130900140,1754650,835762,1035876,2154
europe,20220214,159452046,132115538,1757497,783041,1215398,2847
europe,20220215,160786407,134649288,1763010,1339893,2533750,5513
europe,20220216,162058516,136369355,1767571,1272109,1720067,4561
europe,20220217,163187382,138068456,1771751,1128866,1699101,4180
europe,20220218,164257995,139625697,1775733,1070613,1557241,3982
europe,20220219,165073357,140874008,1778673,815362,1248313,2941
europe,20220220,165750837,141933924,1780779,677480,1059917,2106
europe,20220221,166533150,143189332,1784180,782313,1255408,3401
europe,20220222,167538103,145075483,1788403,1004953,1886151,4223
europe,20220223,168566311,146641855,1792311,1028208,1566373,3909
europe,20220224,169495201,148267089,1795879,928890,1625234,3569
europe,20220225,170293463,149689668,1798975,798262,1422579,3096
europe,20220226,170877688,150825688,1801234,584225,1136039,2260
europe,20220227,171325114,151713010,1802968,447426,887322,1737
europe,20220228,171985513,152602746,1805441,660399,889736,2473
europe,20220301,172871759,154124793,1809233,886246,1525641,3816
europe,20220302,173672244,155621993,1812202,800485,1497200,2969
europe,20220303,174470091,156877125,1815345,797847,1255132,3143
europe,20220304,175249519,158052907,1818182,779477,1175782,2840
europe,20220305,175806140,158968503,1820263,556621,915612,2081
europe,20220306,176246549,159670709,1821673,440409,702206,1411
europe,20220307,176960061,160626528,1824152,713512,955820,2479
europe,20220308,177801290,161838588,1827079,841229,1212060,2927
europe,20220309,178685080,162968075,1829680,883790,1129487,2601
europe,20220310,179573090,164018076,1832161,888010,1050014,2481
europe,20220311,180376413,164832511,1834434,803323,814435,2273
europe,20220312,180954392,165614275,1835983,577979,781764,1549
europe,20220313,181184906,166100775,1836188,230514,486500,205
europe,20220314,182144214,166777109,1839002,959308,676334,2814
europe,20220315,183089395,167856136,1841521,945181,1079027,2519
europe,20220316,184014629,168750601,1843810,925234,894465,2289
europe,20220317,184891911,169604136,1845940,877282,853535,2130
europe,20220318,185822491,170429223,1848439,930580,825110,2499
europe,20220319,186411732,171042868,1849798,589241,613645,1360
europe,20220320,186820017,171529700,1850765,408285,486927,967
europe,20220321,187611476,172253567,1852481,791459,723867,1716
europe,20220322,188591880,173144881,1854939,980404,891314,2458
europe,20220323,189533032,174017504,1857012,941152,872623,2073
europe,20220324,190444967,174876030,1858998,911935,858526,1986
europe,20220325,191321723,175640104,1861047,876756,764074,2051
europe,20220326,191907813,176204216,1862351,586090,564113,1304
europe,20220327,192254830,176461244,1863047,347018,257028,696
europe,20220328,192998566,177326288,1864627,743736,865044,1580
europe,20220329,193950082,178242737,1866471,951516,916450,2018
europe,20220330,194775748,179089672,1868491,825666,846944,2020
europe,20220331,195588231,179893539,1870560,812483,803867,2069
europe,20220401,196350849,180646586,1872611,762618,753047,2051
europe,20220402,196755286,181335526,1873642,404437,688942,1031
europe,20220403,197039284,181685820,1874370,283998,350295,728
europe,20220404,197536638,182400228,1875806,497354,714408,1436
europe,20220405,198266913,183431243,1877857,730295,1031015,2051
europe,20220406,198905853,184319018,1882426,638940,887775,4569
europe,20220407,199482404,185191505,1884234,576551,872487,1808
europe,20220408,200031601,186035868,1885977,549197,844387,1743
europe,20220409,200377325,186656680,1886882,345724,620812,905
europe,20220410,200518561,186994735,1886946,141236,338055,66
europe,20220411,201089009,187734289,1889583,570448,740117,2637
europe,20220412,201704080,188716646,1891427,615071,982420,1844
europe,20220413,202244845,189567307,1893385,540765,850688,1958
europe,20220414,202743684,190267499,1895239,498839,700192,1854
europe,20220415,203042149,191029224,1896215,298465,761725,983
europe,20220416,203332711,191595006,1896912,290562,565782,697
europe,20220417,203529237,192013587,1897426,196526,418581,515
europe,20220418,203619458,192525324,1897913,90221,511737,487
europe,20220419,204079578,193364403,1899764,460393,839079,1851
europe,20220420,204775352,194145564,1902394,695774,781778,2630
europe,20220421,205265879,194830537,1904957,490527,684973,2563
europe,20220422,205671088,195335213,1907322,405209,504676,2365
europe,20220423,205908602,195922333,1907920,237514,587120,598
europe,20220424,205912738,196064667,1907953,4136,142335,33
